{
    "alarm.csv": {
        "AutoFD": [
            0.8387096774193549,
            0.5777777777777777,
            0.6842105263157895
        ],
        "AutoFD gd": [
            0.8125,
            0.5777777777777777,
            0.6753246753246752
        ],
        "AutoFD_amd": [
            0.8387096774193549,
            0.5777777777777777,
            0.6842105263157895
        ],
        "AutoFD_colamd": [
            0.8387096774193549,
            0.5777777777777777,
            0.6842105263157895
        ],
        "AutoFD_metis": [
            0.8666666666666667,
            0.5777777777777777,
            0.6933333333333332
        ],
        "AutoFD_natural": [
            0.8387096774193549,
            0.5777777777777777,
            0.6842105263157895
        ],
        "AutoFD_nesdis": [
            0.8387096774193549,
            0.5777777777777777,
            0.6842105263157895
        ]
    },
    "asia.csv": {
        "AutoFD": [
            1.0,
            0.5,
            0.6666666666666666
        ],
        "AutoFD gd": [
            0.8333333333333334,
            0.625,
            0.7142857142857143
        ],
        "AutoFD_amd": [
            0.8,
            0.5,
            0.6153846153846154
        ],
        "AutoFD_colamd": [
            0.8,
            0.5,
            0.6153846153846154
        ],
        "AutoFD_metis": [
            0.8,
            0.5,
            0.6153846153846154
        ],
        "AutoFD_natural": [
            1.0,
            0.5,
            0.6666666666666666
        ],
        "AutoFD_nesdis": [
            0.8,
            0.5,
            0.6153846153846154
        ]
    },
    "cancer.csv": {
        "AutoFD": [
            1.0,
            0.75,
            0.8571428571428571
        ],
        "AutoFD gd": [
            1.0,
            0.75,
            0.8571428571428571
        ],
        "AutoFD_amd": [
            0.5,
            1.0,
            0.6666666666666666
        ],
        "AutoFD_colamd": [
            1.0,
            0.75,
            0.8571428571428571
        ],
        "AutoFD_metis": [
            1.0,
            0.75,
            0.8571428571428571
        ],
        "AutoFD_natural": [
            1.0,
            0.75,
            0.8571428571428571
        ],
        "AutoFD_nesdis": [
            1.0,
            0.75,
            0.8571428571428571
        ]
    },
    "child.csv": {
        "AutoFD": [
            1.0,
            0.5,
            0.6666666666666666
        ],
        "AutoFD gd": [
            1.0,
            0.45,
            0.6206896551724138
        ],
        "AutoFD_amd": [
            1.0,
            0.5,
            0.6666666666666666
        ],
        "AutoFD_colamd": [
            1.0,
            0.5,
            0.6666666666666666
        ],
        "AutoFD_metis": [
            1.0,
            0.5,
            0.6666666666666666
        ],
        "AutoFD_natural": [
            1.0,
            0.5,
            0.6666666666666666
        ],
        "AutoFD_nesdis": [
            1.0,
            0.5,
            0.6666666666666666
        ]
    },
    "earthquake.csv": {
        "AutoFD": [
            1.0,
            1.0,
            1.0
        ],
        "AutoFD gd": [
            1.0,
            1.0,
            1.0
        ],
        "AutoFD_amd": [
            0.8,
            1.0,
            0.888888888888889
        ],
        "AutoFD_colamd": [
            0.4444444444444444,
            1.0,
            0.6153846153846153
        ],
        "AutoFD_metis": [
            0.8,
            1.0,
            0.888888888888889
        ],
        "AutoFD_natural": [
            1.0,
            1.0,
            1.0
        ],
        "AutoFD_nesdis": [
            0.8,
            1.0,
            0.888888888888889
        ]
    }
}