time_point,msg,execution_time
100.14201068878174,start: Load Data,0.0
125.38387179374695,start: Load Data,0.0
125.4226233959198,end: Load Data,0.03875160217285156
194.2349076271057,start: Create Training Data,0.0
194.36009526252747,end: Create Training Data,0.12518763542175293
200.23420929908752,start: Learn Structure,0.0
200.3169732093811,end: Learn Structure,0.0827639102935791
208.41973638534546,start: Get Dependencies,0.0
208.43304634094238,end: Get Dependencies,0.013309955596923828
