time_point,msg,execution_time
0.010875940322875977,start: Load Data,0.0
0.09085869789123535,end: Load Data,0.07998275756835938
0.09626221656799316,start: Create Training Data,0.0
0.43561840057373047,end: Create Training Data,0.3393561840057373
0.44144582748413086,start: Learn Structure,0.0
0.6070153713226318,end: Learn Structure,0.16556954383850098
0.613318681716919,start: Get Dependencies,0.0
0.6976816654205322,end: Get Dependencies,0.08436298370361328
