{
    "base_tlarge_rlarge_dlarge_n0_0_nhigh.csv": {
        "AutoFD": [
            0.40350877192982454,
            1.0,
            0.575
        ],
        "AutoFD_sparse": [
            0.0,
            0.0,
            0
        ],
        "GL": [
            0.5,
            0.13043478260869565,
            0.20689655172413793
        ],
        "PYRO": [
            0.011057692307692308,
            1.0,
            0.021873514027579647
        ],
        "TANE": [NaN, NaN, NaN
        ],
        "RFI-top1-a-0.3": [NaN, NaN, NaN
        ],
        "RFI-top1-a-0.5": [NaN, NaN, NaN
        ],
        "RFI-top1-a-1": [NaN, NaN, NaN
        ]
    },
    "base_tlarge_rlarge_dlarge_n0_0_nlow.csv": {
        "AutoFD": [
            0.4423076923076923,
            1.0,
            0.6133333333333333
        ],
        "AutoFD_sparse": [
            0.23529411764705882,
            0.34782608695652173,
            0.28070175438596484
        ],
        "GL": [
            0.75,
            0.391304347826087,
            0.5142857142857143
        ],
        "PYRO": [
            0.011057692307692308,
            1.0,
            0.021873514027579647
        ],
        "TANE": [NaN, NaN, NaN
        ],
        "RFI-top1-a-0.3": [NaN, NaN, NaN
        ],
        "RFI-top1-a-0.5": [NaN, NaN, NaN
        ],
        "RFI-top1-a-1": [NaN, NaN, NaN
        ]
    },
    "base_tlarge_rlarge_dsmall_n0_0_nhigh.csv": {
        "AutoFD": [
            0.5925925925925926,
            1.0,
            0.7441860465116279
        ],
        "AutoFD_sparse": [
            0.2857142857142857,
            0.375,
            0.3243243243243243
        ],
        "GL": [
            0.6111111111111112,
            0.6875,
            0.6470588235294118
        ],
        "PYRO": [
            0.009679370840895343,
            1.0,
            0.019173157579388856
        ],
        "TANE": [NaN, NaN, NaN
        ],
        "RFI-top1-a-0.3": [NaN, NaN, NaN
        ],
        "RFI-top1-a-0.5": [NaN, NaN, NaN
        ],
        "RFI-top1-a-1": [NaN, NaN, NaN
        ]
    },
    "base_tlarge_rlarge_dsmall_n0_0_nlow.csv": {
        "AutoFD": [
            0.5925925925925926,
            1.0,
            0.7441860465116279
        ],
        "AutoFD_sparse": [
            0.5,
            1.0,
            0.6666666666666666
        ],
        "GL": [
            0.65,
            0.8125,
            0.7222222222222223
        ],
        "PYRO": [
            0.009679370840895343,
            1.0,
            0.019173157579388856
        ],
        "TANE": [NaN, NaN, NaN
        ],
        "RFI-top1-a-0.3": [NaN, NaN, NaN
        ],
        "RFI-top1-a-0.5": [NaN, NaN, NaN
        ],
        "RFI-top1-a-1": [NaN, NaN, NaN
        ]
    },
    "base_tlarge_rsmall_dlarge_n0_0_nhigh.csv": {
        "AutoFD": [
            0.10256410256410256,
            1.0,
            0.18604651162790695
        ],
        "AutoFD_sparse": [
            0.36363636363636365,
            1.0,
            0.5333333333333333
        ],
        "GL": [
            0.19047619047619047,
            1.0,
            0.32
        ],
        "PYRO": [
            0.08888888888888889,
            1.0,
            0.163265306122449
        ],
        "TANE": [
            0.08888888888888889,
            1.0,
            0.163265306122449
        ],
        "RFI-top1-a-0.3": [
            // 0.16666666666666666,
            // 1.0,
            // 0.2857142857142857
        ],
        "RFI-top1-a-0.5": [
            // 0.16666666666666666,
            // 1.0,
            // 0.2857142857142857
        ],
        "RFI-top1-a-1": [
            // 0.16666666666666666,
            // 1.0,
            // 0.2857142857142857
        ]
    },
    "base_tlarge_rsmall_dlarge_n0_0_nlow.csv": {
        "AutoFD": [
            0.12121212121212122,
            1.0,
            0.21621621621621626
        ],
        "AutoFD_sparse": [
            0.36363636363636365,
            1.0,
            0.5333333333333333
        ],
        "GL": [
            0.15,
            0.75,
            0.24999999999999997
        ],
        "PYRO": [
            0.08888888888888889,
            1.0,
            0.163265306122449
        ],
        "TANE": [
            0.08888888888888889,
            1.0,
            0.163265306122449
        ],
        "RFI-top1-a-0.3": [
            // 0.16666666666666666,
            // 1.0,
            // 0.2857142857142857
        ],
        "RFI-top1-a-0.5": [NaN, NaN, NaN
        ],
        "RFI-top1-a-1": [NaN, NaN, NaN
        ]
    },
    "base_tlarge_rsmall_dsmall_n0_0_nhigh.csv": {
        "AutoFD": [
            0.07142857142857142,
            1.0,
            0.13333333333333333
        ],
        "AutoFD_sparse": [
            0.5,
            1.0,
            0.6666666666666666
        ],
        "GL": [
            0.07142857142857142,
            1.0,
            0.13333333333333333
        ],
        "PYRO": [
            0.07142857142857142,
            1.0,
            0.13333333333333333
        ],
        "TANE": [
            0.07142857142857142,
            1.0,
            0.13333333333333333
        ],
        "RFI-top1-a-0.3": [
            0.08,
            1.0,
            0.14814814814814814
        ],
        "RFI-top1-a-0.5": [
            0.08,
            1.0,
            0.14814814814814814
        ],
        "RFI-top1-a-1": [
            0.08,
            1.0,
            0.14814814814814814
        ]
    },
    "base_tlarge_rsmall_dsmall_n0_0_nlow.csv": {
        "AutoFD": [
            0.1111111111111111,
            1.0,
            0.19999999999999998
        ],
        "AutoFD_sparse": [
            0.5,
            1.0,
            0.6666666666666666
        ],
        "GL": [
            0.25,
            1.0,
            0.4
        ],
        "PYRO": [
            0.07142857142857142,
            1.0,
            0.13333333333333333
        ],
        "TANE": [
            0.07142857142857142,
            1.0,
            0.13333333333333333
        ],
        "RFI-top1-a-0.3": [
            0.08,
            1.0,
            0.14814814814814814
        ],
        "RFI-top1-a-0.5": [
            0.08,
            1.0,
            0.14814814814814814
        ],
        "RFI-top1-a-1": [
            0.08,
            1.0,
            0.14814814814814814
        ]
    },
    "base_tsmall_rlarge_dlarge_n0_0_nhigh.csv": {
        "AutoFD": [
            0.5714285714285714,
            0.42105263157894735,
            0.48484848484848486
        ],
        "AutoFD_sparse": [NaN, NaN, NaN
        ],
        "GL": [
            0.0,
            0.0,
            0
        ],
        "PYRO": [
            0.012337662337662338,
            1.0,
            0.024374599101988456
        ],
        "TANE": [NaN, NaN, NaN
        ],
        "RFI-top1-a-0.3": [NaN, NaN, NaN
        ],
        "RFI-top1-a-0.5": [NaN, NaN, NaN
        ],
        "RFI-top1-a-1": [NaN, NaN, NaN
        ]
    },
    "base_tsmall_rlarge_dlarge_n0_0_nlow.csv": {
        "AutoFD": [
            0.76,
            1.0,
            0.8636363636363636
        ],
        "AutoFD_sparse": [
            1.0,
            0.15789473684210525,
            0.2727272727272727
        ],
        "GL": [
            0.5,
            0.15789473684210525,
            0.23999999999999996
        ],
        "PYRO": [
            0.012337662337662338,
            1.0,
            0.024374599101988456
        ],
        "TANE": [NaN, NaN, NaN
        ],
        "RFI-top1-a-0.3": [NaN, NaN, NaN
        ],
        "RFI-top1-a-0.5": [NaN, NaN, NaN
        ],
        "RFI-top1-a-1": [NaN, NaN, NaN
        ]
    },
    "base_tsmall_rlarge_dsmall_n0_0_nhigh.csv": {
        "AutoFD": [
            0.8,
            0.2222222222222222,
            0.3478260869565218
        ],
        "AutoFD_sparse": [
            0.0,
            0.0,
            0
        ],