time_point,msg,execution_time
0.00931406021118164,start: Load Data,0.0
0.04228043556213379,end: Load Data,0.03296637535095215
0.05714011192321777,start: Create Training Data,0.0
0.22570276260375977,end: Create Training Data,0.168562650680542
0.23143601417541504,start: Learn Structure,0.0
0.3153975009918213,end: Learn Structure,0.08396148681640625
0.32018017768859863,start: Get Dependencies,0.0
0.34169983863830566,end: Get Dependencies,0.02151966094970703
