time_point,msg,execution_time
14.025161504745483,start: Load Data,0.0
14.147850513458252,end: Load Data,0.12268900871276855
23.605064868927002,start: Create Training Data,0.0
28.542621612548828,end: Create Training Data,4.937556743621826
30.869774103164673,start: Learn Structure,0.0
31.662989139556885,end: Learn Structure,0.7932150363922119
36.126909494400024,start: Get Dependencies,0.0
36.20928883552551,end: Get Dependencies,0.08237934112548828
