time_point,msg,execution_time
0.014456033706665039,start: Load Data,0.0
0.07842063903808594,end: Load Data,0.0639646053314209
0.08801555633544922,start: Create Training Data,0.0
0.12498283386230469,end: Create Training Data,0.03696727752685547
0.1360929012298584,start: Learn Structure,0.0
0.23872613906860352,end: Learn Structure,0.10263323783874512
0.24887776374816895,start: Get Dependencies,0.0
0.3011665344238281,end: Get Dependencies,0.05228877067565918
