{
    "base_tlarge_rlarge_dlarge_n0_0_nhigh.csv": {
        "CORDS": [
            0.5,
            0.08695652173913043,
            0.14814814814814817
        ]
    },
    "base_tlarge_rlarge_dlarge_n0_0_nlow.csv": {
        "CORDS": [
            0.6666666666666666,
            0.17391304347826086,
            0.27586206896551724
        ]
    },
    "base_tlarge_rlarge_dsmall_n0_0_nhigh.csv": {
        "CORDS": [
            0.0,
            0.0,
            0
        ]
    },
    "base_tlarge_rlarge_dsmall_n0_0_nlow.csv": {
        "CORDS": [
            0.7333333333333333,
            0.6875,
            0.7096774193548386
        ]
    },
    "base_tlarge_rsmall_dlarge_n0_0_nhigh.csv": {
        "CORDS": [
            1.0,
            0.25,
            0.4
        ]
    },
    "base_tlarge_rsmall_dlarge_n0_0_nlow.csv": {
        "CORDS": [
            1.0,
            0.25,
            0.4
        ]
    },
    "base_tlarge_rsmall_dsmall_n0_0_nhigh.csv": {
        "CORDS": [
            0.5,
            1.0,
            0.6666666666666666
        ]
    },
    "base_tlarge_rsmall_dsmall_n0_0_nlow.csv": {
        "CORDS": [
            0.5,
            1.0,
            0.6666666666666666
        ]
    },
    "base_tsmall_rlarge_dlarge_n0_0_nhigh.csv": {
        "CORDS": [
            0.012738853503184714,
            0.3157894736842105,
            0.02448979591836735
        ]
    },
    "base_tsmall_rlarge_dlarge_n0_0_nlow.csv": {
        "CORDS": [
            0.014989293361884369,
            0.3684210526315789,
            0.02880658436213992
        ]
    },
    "base_tsmall_rlarge_dsmall_n0_0_nhigh.csv": {
        "CORDS": [
            0.15,
            0.16666666666666666,
            0.15789473684210525
        ]
    },
    "base_tsmall_rlarge_dsmall_n0_0_nlow.csv": {
        "CORDS": [
            0.34375,
            0.6111111111111112,
            0.44000000000000006
        ]
    },
    "base_tsmall_rsmall_dlarge_n0_0_nhigh.csv": {
        "CORDS": [
            0.0,
            0.0,
            0
        ]
    },
    "base_tsmall_rsmall_dlarge_n0_0_nlow.csv": {
        "CORDS": [
            0.125,
            0.5,
            0.2
        ]
    },
    "base_tsmall_rsmall_dsmall_n0_0_nhigh.csv": {
        "CORDS": [
            0.5,
            0.5,
            0.5
        ]
    },
    "base_tsmall_rsmall_dsmall_n0_0_nlow.csv": {
        "CORDS": [
            0.6666666666666666,
            1.0,
            0.8
        ]
    }
}