{
    "base_tlarge_rlarge_dlarge_n0_0_nhigh.csv": {
        "AutoFD": [
            0.40350877192982454,
            1.0,
            0.575
        ],
        "AutoFD_sparse": [
            0.0,
            0.0,
            0
        ],
        "GL": [
            0.5,
            0.17391304347826086,
            0.25806451612903225
        ],
        "PYRO": [
            0.011057692307692308,
            1.0,
            0.021873514027579647
        ],
        "TANE": [NaN, NaN, NaN
        ]
    },
    "base_tlarge_rlarge_dlarge_n0_0_nlow.csv": {
        "AutoFD": [
            0.4423076923076923,
            1.0,
            0.6133333333333333
        ],
        "AutoFD_sparse": [
            0.23529411764705882,
            0.34782608695652173,
            0.28070175438596484
        ],
        "GL": [
            0.7142857142857143,
            0.43478260869565216,
            0.5405405405405405
        ],
        "PYRO": [
            0.011057692307692308,
            1.0,
            0.021873514027579647
        ],
        "TANE": [NaN, NaN, NaN
        ]
    },
    "base_tlarge_rlarge_dsmall_n0_0_nhigh.csv": {
        "AutoFD": [
            0.5925925925925926,
            1.0,
            0.7441860465116279
        ],
        "AutoFD_sparse": [
            0.2857142857142857,
            0.375,
            0.3243243243243243
        ],
        "GL": [
            0.5789473684210527,
            0.6875,
            0.6285714285714286
        ],
        "PYRO": [
            0.009679370840895343,
            1.0,
            0.019173157579388856
        ],
        "TANE": [NaN, NaN, NaN
        ]
    },
    "base_tlarge_rlarge_dsmall_n0_0_nlow.csv": {
        "AutoFD": [
            0.5925925925925926,
            1.0,
            0.7441860465116279
        ],
        "AutoFD_sparse": [
            0.5,
            1.0,
            0.6666666666666666
        ],
        "GL": [
            0.6363636363636364,
            0.875,
            0.7368421052631579
        ],
        "PYRO": [
            0.009679370840895343,
            1.0,
            0.019173157579388856
        ],
        "TANE": [NaN, NaN, NaN
        ]
    },
    "base_tlarge_rsmall_dlarge_n0_0_nhigh.csv": {
        "AutoFD": [
            0.10256410256410256,
            1.0,
            0.18604651162790695
        ],
        "AutoFD_sparse": [
            0.36363636363636365,
            1.0,
            0.5333333333333333
        ],
        "GL": [
            0.08888888888888889,
            1.0,
            0.163265306122449
        ],
        "PYRO": [
            0.08888888888888889,
            1.0,
            0.163265306122449
        ],
        "TANE": [
            0.08888888888888889,
            1.0,
            0.163265306122449
        ]
    },
    "base_tlarge_rsmall_dlarge_n0_0_nlow.csv": {
        "AutoFD": [
            0.12121212121212122,
            1.0,
            0.21621621621621626
        ],
        "AutoFD_sparse": [
            0.36363636363636365,
            1.0,
            0.5333333333333333
        ],
        "GL": [
            0.08888888888888889,
            1.0,
            0.163265306122449
        ],
        "PYRO": [
            0.08888888888888889,
            1.0,
            0.163265306122449
        ],
        "TANE": [
            0.08888888888888889,
            1.0,
            0.163265306122449
        ]
    },
    "base_tlarge_rsmall_dsmall_n0_0_nhigh.csv": {
        "AutoFD": [
            0.07142857142857142,
            1.0,
            0.13333333333333333
        ],
        "AutoFD_sparse": [
            0.5,
            1.0,
            0.6666666666666666
        ],
        "GL": [
            0.07142857142857142,
            1.0,
            0.13333333333333333
        ],
        "PYRO": [
            0.07142857142857142,
            1.0,
            0.13333333333333333
        ],
        "TANE": [
            0.07142857142857142,
            1.0,
            0.13333333333333333
        ]
    },
    "base_tlarge_rsmall_dsmall_n0_0_nlow.csv": {
        "AutoFD": [
            0.1111111111111111,
            1.0,
            0.19999999999999998
        ],
        "AutoFD_sparse": [
            0.5,
            1.0,
            0.6666666666666666
        ],
        "GL": [
            0.07142857142857142,
            1.0,
            0.13333333333333333
        ],
        "PYRO": [
            0.07142857142857142,
            1.0,
            0.13333333333333333
        ],
        "TANE": [
            0.07142857142857142,
            1.0,
            0.13333333333333333
        ]
    },
    "base_tsmall_rlarge_dlarge_n0_0_nhigh.csv": {
        "AutoFD": [
            0.5714285714285714,
            0.42105263157894735,
            0.48484848484848486
        ],
        "AutoFD_sparse": [
            0.5714285714285714,
            0.42105263157894735,
            0.48484848484848486
        ],
        "GL": [
            0.0,
            0.0,
            0
        ],
        "PYRO": [
            0.012337662337662338,
            1.0,
            0.024374599101988456
        ],
        "TANE": [NaN, NaN, NaN
        ]
    },
    "base_tsmall_rlarge_dlarge_n0_0_nlow.csv": {
        "AutoFD": [
            0.76,
            1.0,
            0.8636363636363636
        ],
        "AutoFD_sparse": [
            1.0,
            0.15789473684210525,
            0.2727272727272727
        ],
        "GL": [
            0.5,
            0.15789473684210525,
            0.23999999999999996
        ],
        "PYRO": [
            0.012337662337662338,
            1.0,
            0.024374599101988456
        ],
        "TANE": [NaN, NaN, NaN
        ]
    },
    "base_tsmall_rlarge_dsmall_n0_0_nhigh.csv": {
        "AutoFD": [
            0.8,
            0.2222222222222222,
            0.3478260869565218
        ],
        "AutoFD_sparse": [
            0.0,
            0.0,
            0
        ],
        "GL": [
            0.0,
            0.0,
            0
        ],
        "PYRO": [
            0.009216589861751152,
            1.0,
            0.0182648401826484
        ],
        "TANE": [NaN, NaN, NaN
        ]
    },
    "base_tsmall_rlarge_dsmall_n0_0_nlow.csv": {
        "AutoFD": [
            0.8888888888888888,
            0.4444444444444444,
            0.5925925925925926
        ],
        "AutoFD_sparse": [
            0.8888888888888888,
            0.4444444444444444,
            0.5925925925925926
        ],
        "GL": [
            0.8,
            0.2222222222222222,
            0.3478260869565218
        ],
        "PYRO": [
            0.009216589861751152,
            1.0,
            0.0182648401826484
        ],
        "TANE": [NaN, NaN, NaN
        ]
    },
    "base_tsmall_rsmall_dlarge_n0_0_nhigh.csv": {
        "AutoFD": [
            0.10526315789473684,
            1.0,
            0.1904761904761905
        ],
        "AutoFD_sparse": [
            0.0,
            0.0,
            0
        ],
        "GL": [
            0.06896551724137931,
            1.0,
            0.12903225806451613
        ],
        "PYRO": [
            0.06060606060606061,
            1.0,
            0.1142857142857143
        ],
        "TANE": [
            0.06060606060606061,
            1.0,
            0.1142857142857143
        ]
    },
    "base_tsmall_rsmall_dlarge_n0_0_nlow.csv": {
        "AutoFD": [
            0.1111111111111111,
            1.0,
            0.19999999999999998
        ],
        "AutoFD_sparse": [
            0.3333333333333333,
            1.0,
            0.5
        ],
        "GL": [
            0.06557377049180328,
            1.0,
            0.12307692307692307
        ],
        "PYRO": [
            0.06060606060606061,
            1.0,
            0.1142857142857143
        ],
        "TANE": [
            0.06060606060606061,
            1.0,
            0.1142857142857143
        ]
    },