time_point,msg,execution_time
0.413083553314209,start: Load Data,0.0
0.44849419593811035,end: Load Data,0.03541064262390137
2.7676584720611572,start: Create Training Data,0.0
2.9929864406585693,end: Create Training Data,0.2253279685974121
5.079836845397949,start: Learn Structure,0.0
5.224669694900513,end: Learn Structure,0.14483284950256348
6.178734302520752,start: Get Dependencies,0.0
6.19291615486145,end: Get Dependencies,0.014181852340698242
