time_point,msg,execution_time
0.010098934173583984,start: Load Data,0.0
0.09071230888366699,end: Load Data,0.08061337471008301
0.0971074104309082,start: Create Training Data,0.0
0.19471287727355957,end: Create Training Data,0.09760546684265137
0.2011573314666748,start: Learn Structure,0.0
0.4163782596588135,end: Learn Structure,0.21522092819213867
0.42186546325683594,start: Get Dependencies,0.0
0.4959428310394287,end: Get Dependencies,0.07407736778259277
