time_point,msg,execution_time
79.5354015827179,start: Load Data,0.0
94.22843170166016,start: Load Data,0.0
94.30544257164001,end: Load Data,0.0770108699798584
112.65501928329468,start: Create Training Data,0.0
112.86750435829163,end: Create Training Data,0.21248507499694824
122.42544317245483,start: Learn Structure,0.0
122.55571269989014,end: Learn Structure,0.13026952743530273
123.25460982322693,start: Get Dependencies,0.0
123.27364230155945,end: Get Dependencies,0.01903247833251953
