time_point,msg,execution_time
0.02193617820739746,start: Load Data,0.0
0.08038592338562012,end: Load Data,0.058449745178222656
0.08836984634399414,start: Create Training Data,0.0
0.24546265602111816,end: Create Training Data,0.15709280967712402
0.25276803970336914,start: Learn Structure,0.0
0.363478422164917,end: Learn Structure,0.11071038246154785
0.3719358444213867,start: Get Dependencies,0.0
0.43370532989501953,end: Get Dependencies,0.06176948547363281
