time_point,msg,execution_time
0.021892070770263672,start: Load Data,0.0
0.09878993034362793,end: Load Data,0.07689785957336426
0.1058506965637207,start: Create Training Data,0.0
0.24213409423828125,end: Create Training Data,0.13628339767456055
0.24795794486999512,start: Learn Structure,0.0
0.37848520278930664,end: Learn Structure,0.13052725791931152
0.386491060256958,start: Get Dependencies,0.0
0.44199085235595703,end: Get Dependencies,0.05549979209899902
