time_point,msg,execution_time
0.013585090637207031,start: Load Data,0.0
0.062219858169555664,end: Load Data,0.04863476753234863
0.06869792938232422,start: Create Training Data,0.0
0.09686899185180664,end: Create Training Data,0.028171062469482422
0.10541558265686035,start: Learn Structure,0.0
0.17970967292785645,end: Learn Structure,0.0742940902709961
0.18582940101623535,start: Get Dependencies,0.0
0.21602821350097656,end: Get Dependencies,0.03019881248474121
