time_point,msg,execution_time
0.008725404739379883,start: Load Data,0.0
0.058016061782836914,end: Load Data,0.04929065704345703
0.07226777076721191,start: Create Training Data,0.0
0.5498208999633789,end: Create Training Data,0.477553129196167
0.5559422969818115,start: Learn Structure,0.0
0.6348738670349121,end: Learn Structure,0.07893157005310059
0.6399154663085938,start: Get Dependencies,0.0
0.6841955184936523,end: Get Dependencies,0.044280052185058594
