time_point,msg,execution_time
0.022233009338378906,start: Load Data,0.0
0.36011576652526855,end: Load Data,0.33788275718688965
0.38124918937683105,start: Create Training Data,0.0
2.2011468410491943,end: Create Training Data,1.8198976516723633
2.2139298915863037,start: Learn Structure,0.0
3.0678906440734863,end: Learn Structure,0.8539607524871826
3.0954835414886475,start: Get Dependencies,0.0
3.516732931137085,end: Get Dependencies,0.4212493896484375
