{
    "child.csv": {
        "AutoFD": [
            1.0,
            0.5,
            0.6666666666666666
        ],
        "AutoFD_sparse_0.002": [
            0.7777777777777778,
            0.7,
            0.7368421052631577
        ],
        "AutoFD_sparse_0.004": [
            0.6956521739130435,
            0.8,
            0.7441860465116279
        ],
        "AutoFD_sparse_0.006": [
            0.7272727272727273,
            0.8,
            0.761904761904762
        ],
        "AutoFD_sparse_0.008": [
            0.6956521739130435,
            0.8,
            0.7441860465116279
        ],
        "AutoFD_sparse_0.010": [
            0.7142857142857143,
            0.75,
            0.7317073170731706
        ]
    },
    "earthquake.csv": {
        "AutoFD": [
            1.0,
            1.0,
            1.0
        ],
        "AutoFD_sparse_0.002": [
            1.0,
            0.75,
            0.8571428571428571
        ],
        "AutoFD_sparse_0.004": [
            1.0,
            0.75,
            0.8571428571428571
        ],
        "AutoFD_sparse_0.006": [
            1.0,
            0.75,
            0.8571428571428571
        ],
        "AutoFD_sparse_0.008": [
            1.0,
            0.75,
            0.8571428571428571
        ],
        "AutoFD_sparse_0.010": [
            1.0,
            0.75,
            0.8571428571428571
        ]
    },
    "alarm.csv": {
        "AutoFD": [
            0.8387096774193549,
            0.5777777777777777,
            0.6842105263157895
        ],
        "AutoFD_sparse_0.002": [
            0.723404255319149,
            0.7555555555555555,
            0.7391304347826088
        ],
        "AutoFD_sparse_0.004": [
            0.6938775510204082,
            0.7555555555555555,
            0.723404255319149
        ],
        "AutoFD_sparse_0.006": [
            0.64,
            0.7111111111111111,
            0.6736842105263158
        ],
        "AutoFD_sparse_0.008": [
            0.6274509803921569,
            0.7111111111111111,
            0.6666666666666666
        ],
        "AutoFD_sparse_0.010": [
            0.6326530612244898,
            0.6888888888888889,
            0.6595744680851063
        ]
    },
    "cancer.csv": {
        "AutoFD": [
            1.0,
            0.75,
            0.8571428571428571
        ],
        "AutoFD_sparse_0.002": [
            1.0,
            0.25,
            0.4
        ],
        "AutoFD_sparse_0.004": [NaN, NaN, NaN
        ],
        "AutoFD_sparse_0.006": [NaN, NaN, NaN
        ],
        "AutoFD_sparse_0.008": [NaN, NaN, NaN
        ],
        "AutoFD_sparse_0.010": [NaN, NaN, NaN
        ]
    },
    "asia.csv": {
        "AutoFD": [
            1.0,
            0.5,
            0.6666666666666666
        ],
        "AutoFD_sparse_0.002": [
            0.7142857142857143,
            0.625,
            0.6666666666666666
        ],
        "AutoFD_sparse_0.004": [
            0.6666666666666666,
            0.5,
            0.5714285714285715
        ],
        "AutoFD_sparse_0.006": [
            0.6666666666666666,
            0.5,
            0.5714285714285715
        ],
        "AutoFD_sparse_0.008": [
            0.6666666666666666,
            0.5,
            0.5714285714285715
        ],
        "AutoFD_sparse_0.010": [
            0.8,
            0.5,
            0.6153846153846154
        ]
    }
}