{
    "alarm.csv": {
        "AutoFD": [
            0.8387096774193549,
            0.5777777777777777,
            0.6842105263157895
        ],
        "GL": [
            0.12302839116719243,
            0.8666666666666667,
            0.2154696132596685
        ],
        "PYRO": [NaN, NaN, NaN
        ],
        "TANE": [NaN, NaN, NaN
        ],
        "RFI-top1-a-1": [NaN, NaN, NaN
        ],
        "RFI-top1-a-0.5": [NaN, NaN, NaN
        ],
        "RFI-top1-a-0.3": [NaN, NaN, NaN
        ]
    },
    "asia.csv": {
        "AutoFD": [
            1.0,
            0.5,
            0.6666666666666666
        ],
        "GL": [
            0.3157894736842105,
            0.75,
            0.44444444444444436
        ],
        "PYRO": [
            0.23529411764705882,
            0.5,
            0.31999999999999995
        ],
        "TANE": [
            1.0,
            0.125,
            0.2222222222222222
        ],
        "RFI-top1-a-1": [
            0.46153846153846156,
            0.75,
            0.5714285714285714
        ],
        "RFI-top1-a-0.5": [
            0.46153846153846156,
            0.75,
            0.5714285714285714
        ],
        "RFI-top1-a-0.3": [
            0.5,
            0.75,
            0.6
        ]
    },
    "cancer.csv": {
        "AutoFD": [
            1.0,
            0.75,
            0.8571428571428571
        ],
        "GL": [
            0.375,
            0.75,
            0.5
        ],
        "PYRO": [
            1.0,
            0.75,
            0.8571428571428571
        ],
        "TANE": [
            0.00,
            0.00,
            0.00
        ],
        "RFI-top1-a-1": [
            0.5714285714285714,
            1.0,
            0.7272727272727273
        ],
        "RFI-top1-a-0.5": [
            0.5714285714285714,
            1.0,
            0.7272727272727273
        ],
        "RFI-top1-a-0.3": [
            0.5714285714285714,
            1.0,
            0.7272727272727273
        ]
    },
    "child.csv": {
        "AutoFD": [
            1.0,
            0.5,
            0.6666666666666666
        ],
        "GL": [
            0.358974358974359,
            0.7,
            0.4745762711864407
        ],
        "PYRO": [
            0.10526315789473684,
            1.0,
            0.1904761904761905
        ],
        "TANE": [
            0.16666666666666666,
            0.4,
            0.23529411764705882
        ],
        "RFI-top1-a-1": [NaN, NaN, NaN
        ],
        "RFI-top1-a-0.5": [NaN, NaN, NaN
        ],
        "RFI-top1-a-0.3": [NaN, NaN, NaN
        ]
    },
    "earthquake.csv": {
        "AutoFD": [
            1.0,
            1.0,
            1.0
        ],
        "GL": [
            0.8,
            1.0,
            0.888888888888889
        ],
        "PYRO": [
            0.6,
            0.75,
            0.6666666666666665
        ],
        "TANE": [NaN, NaN, NaN
        ],
        "RFI-top1-a-1": [
            0.5714285714285714,
            1.0,
            0.7272727272727273
        ],
        "RFI-top1-a-0.5": [
            0.5714285714285714,
            1.0,
            0.7272727272727273
        ],
        "RFI-top1-a-0.3": [
            0.5714285714285714,
            1.0,
            0.7272727272727273
        ]
    }
}