{
    "alarm.csv": {
        "CORDS": [
            0.23648648648648649,
            0.7777777777777778,
            0.36269430051813467
        ]
    },
    "asia.csv": {
        "CORDS": [
            0.42857142857142855,
            0.75,
            0.5454545454545454
        ]
    },
    "cancer.csv": {
        "CORDS": [NaN, NaN, NaN
        ]
    },
    "child.csv": {
        "CORDS": [
            0.20224719101123595,
            0.9,
            0.3302752293577982
        ]
    },
    "earthquake.csv": {
        "CORDS": [
            0.5,
            0.75,
            0.6
        ]
    }
}