time_point,msg,execution_time
0.015428781509399414,start: Load Data,0.0
0.053342580795288086,end: Load Data,0.03791379928588867
0.0626823902130127,start: Create Training Data,0.0
0.17740702629089355,end: Create Training Data,0.11472463607788086
0.18874073028564453,start: Learn Structure,0.0
0.2922170162200928,end: Learn Structure,0.10347628593444824
0.30127477645874023,start: Get Dependencies,0.0
0.3419046401977539,end: Get Dependencies,0.04062986373901367
