time_point,msg,execution_time
0.02179408073425293,start: Load Data,0.0
0.07786917686462402,end: Load Data,0.056075096130371094
0.08573198318481445,start: Create Training Data,0.0
0.19110965728759766,end: Create Training Data,0.1053776741027832
0.2026374340057373,start: Learn Structure,0.0
0.29600977897644043,end: Learn Structure,0.09337234497070312
0.30554842948913574,start: Get Dependencies,0.0
0.3519325256347656,end: Get Dependencies,0.04638409614562988
