time_point,msg,execution_time
0.02281475067138672,start: Load Data,0.0
0.1846780776977539,end: Load Data,0.1618633270263672
0.1904921531677246,start: Create Training Data,0.0
1.0300841331481934,end: Create Training Data,0.8395919799804688
1.0363187789916992,start: Learn Structure,0.0
1.4158046245574951,end: Learn Structure,0.3794858455657959
1.4222378730773926,start: Get Dependencies,0.0
1.6149499416351318,end: Get Dependencies,0.19271206855773926
