time_point,msg,execution_time
0.010480403900146484,start: Load Data,0.0
0.05631685256958008,end: Load Data,0.045836448669433594
0.06387090682983398,start: Create Training Data,0.0
0.09699106216430664,end: Create Training Data,0.033120155334472656
0.10368132591247559,start: Learn Structure,0.0
0.20349955558776855,end: Learn Structure,0.09981822967529297
0.20913958549499512,start: Get Dependencies,0.0
0.24391841888427734,end: Get Dependencies,0.03477883338928223
