time_point,msg,execution_time
0.012605428695678711,start: Load Data,0.0
0.0731818675994873,end: Load Data,0.060576438903808594
0.08085203170776367,start: Create Training Data,0.0
0.17012715339660645,end: Create Training Data,0.08927512168884277
0.1759014129638672,start: Learn Structure,0.0
0.25688624382019043,end: Learn Structure,0.08098483085632324
0.2633657455444336,start: Get Dependencies,0.0
0.310091495513916,end: Get Dependencies,0.04672574996948242
