time_point,msg,execution_time
0.0113067626953125,start: Load Data,0.0
0.04327201843261719,end: Load Data,0.03196525573730469
0.05966329574584961,start: Create Training Data,0.0
0.24941802024841309,end: Create Training Data,0.18975472450256348
0.2549607753753662,start: Learn Structure,0.0
0.3670954704284668,end: Learn Structure,0.11213469505310059
0.37295079231262207,start: Get Dependencies,0.0
0.39984846115112305,end: Get Dependencies,0.026897668838500977
