time_point,msg,execution_time
0.02173471450805664,start: Load Data,0.0
0.08449268341064453,end: Load Data,0.06275796890258789
0.09607505798339844,start: Create Training Data,0.0
0.22007489204406738,end: Create Training Data,0.12399983406066895
0.23347759246826172,start: Learn Structure,0.0
0.37337493896484375,end: Learn Structure,0.13989734649658203
0.3825569152832031,start: Get Dependencies,0.0
0.4219694137573242,end: Get Dependencies,0.039412498474121094
