time_point,msg,execution_time
0.008378267288208008,start: Load Data,0.0
0.05772519111633301,end: Load Data,0.049346923828125
0.06309366226196289,start: Create Training Data,0.0
0.3567326068878174,end: Create Training Data,0.2936389446258545
0.3623542785644531,start: Learn Structure,0.0
0.4708750247955322,end: Learn Structure,0.1085207462310791
0.47595977783203125,start: Get Dependencies,0.0
0.511044979095459,end: Get Dependencies,0.035085201263427734
