{"base_tlarge_rlarge_dsmall_n0_0_nhigh.csv": {"AutoFD": [0.5, 0.625, 0.5555555555555556], "AutoFD_sparse": [0.0, 0.0, 0], "GL": [0.6111111111111112, 0.6875, 0.6470588235294118], "PYRO": [0.009679370840895343, 1.0, 0.019173157579388856], "TANE": [NaN, NaN, NaN], "RFI-top1-a-0.3": [NaN, NaN, NaN], "RFI-top1-a-0.5": [NaN, NaN, NaN], "RFI-top1-a-1": [NaN, NaN, NaN]}, "base_tlarge_rlarge_dsmall_n0_0_nlow.csv": {"AutoFD": [0.7894736842105263, 0.9375, 0.8571428571428572], "AutoFD_sparse": [0.9411764705882353, 1.0, 0.9696969696969697], "GL": [0.65, 0.8125, 0.7222222222222223], "PYRO": [0.009679370840895343, 1.0, 0.019173157579388856], "TANE": [NaN, NaN, NaN], "RFI-top1-a-0.3": [NaN, NaN, NaN], "RFI-top1-a-0.5": [NaN, NaN, NaN], "RFI-top1-a-1": [NaN, NaN, NaN]}}