{
    "base_tlarge_rlarge_dlarge_n0_0_nhigh.csv": {
        "AutoFD": [
            0.5714285714285714,
            0.17391304347826086,
            0.26666666666666666
        ],
        "AutoFD_sparse": [
            0.0,
            0.0,
            0
        ],
        "GL": [
            0.5,
            0.13043478260869565,
            0.20689655172413793
        ],
        "PYRO": [
            0.011057692307692308,
            1.0,
            0.021873514027579647
        ],
        "TANE": [NaN, NaN, NaN
        ],
        "RFI-top1-a-0.3": [NaN, NaN, NaN
        ],
        "RFI-top1-a-0.5": [NaN, NaN, NaN
        ],
        "RFI-top1-a-1": [NaN, NaN, NaN
        ]
    },
    "base_tlarge_rlarge_dlarge_n0_0_nlow.csv": {
        "AutoFD": [
            0.8846153846153846,
            1.0,
            0.9387755102040816
        ],
        "AutoFD_sparse": [
            0.6666666666666666,
            0.17391304347826086,
            0.27586206896551724
        ],
        "GL": [
            0.75,
            0.391304347826087,
            0.5142857142857143
        ],
        "PYRO": [
            0.011057692307692308,
            1.0,
            0.021873514027579647
        ],
        "TANE": [NaN, NaN, NaN
        ],
        "RFI-top1-a-0.3": [NaN, NaN, NaN
        ],
        "RFI-top1-a-0.5": [NaN, NaN, NaN
        ],
        "RFI-top1-a-1": [NaN, NaN, NaN
        ]
    },
    "base_tlarge_rlarge_dsmall_n0_0_nhigh.csv": {
        "AutoFD": [
            0.5,
            0.25,
            0.3333333333333333
        ],
        "AutoFD_sparse": [
            0.0,
            0.0,
            0
        ],
        "GL": [
            0.6111111111111112,
            0.6875,
            0.6470588235294118
        ],
        "PYRO": [
            0.009679370840895343,
            1.0,
            0.019173157579388856
        ],
        "TANE": [NaN, NaN, NaN
        ],
        "RFI-top1-a-0.3": [NaN, NaN, NaN
        ],
        "RFI-top1-a-0.5": [NaN, NaN, NaN
        ],
        "RFI-top1-a-1": [NaN, NaN, NaN
        ]
    },
    "base_tlarge_rlarge_dsmall_n0_0_nlow.csv": {
        "AutoFD": [
            0.7894736842105263,
            0.9375,
            0.8571428571428572
        ],
        "AutoFD_sparse": [
            0.9411764705882353,
            1.0,
            0.9696969696969697
        ],
        "GL": [
            0.65,
            0.8125,
            0.7222222222222223
        ],
        "PYRO": [
            0.009679370840895343,
            1.0,
            0.019173157579388856
        ],
        "TANE": [NaN, NaN, NaN
        ],
        "RFI-top1-a-0.3": [NaN, NaN, NaN
        ],
        "RFI-top1-a-0.5": [NaN, NaN, NaN
        ],
        "RFI-top1-a-1": [NaN, NaN, NaN
        ]
    },
    "base_tlarge_rsmall_dlarge_n0_0_nhigh.csv": {
        "AutoFD": [
            0.0,
            0.0,
            0
        ],
        "AutoFD_sparse": [
            0.5,
            0.25,
            0.3333333333333333
        ],
        "GL": [
            0.19047619047619047,
            1.0,
            0.32
        ],
        "PYRO": [
            0.08888888888888889,
            1.0,
            0.163265306122449
        ],
        "TANE": [
            0.08888888888888889,
            1.0,
            0.163265306122449
        ],
        "RFI-top1-a-0.3": [
            0.16666666666666666,
            1.0,
            0.2857142857142857
        ],
        "RFI-top1-a-0.5": [
            0.16666666666666666,
            1.0,
            0.2857142857142857
        ],
        "RFI-top1-a-1": [
            0.16666666666666666,
            1.0,
            0.2857142857142857
        ]
    },
    "base_tlarge_rsmall_dlarge_n0_0_nlow.csv": {
        "AutoFD": [
            0.8,
            1.0,
            0.888888888888889
        ],
        "AutoFD_sparse": [
            0.4444444444444444,
            1.0,
            0.6153846153846153
        ],
        "GL": [
            0.15,
            0.75,
            0.24999999999999997
        ],
        "PYRO": [
            0.08888888888888889,
            1.0,
            0.163265306122449
        ],
        "TANE": [
            0.08888888888888889,
            1.0,
            0.163265306122449
        ],
        "RFI-top1-a-0.3": [
            0.16666666666666666,
            1.0,
            0.2857142857142857
        ],
        "RFI-top1-a-0.5": [NaN, NaN, NaN
        ],
        "RFI-top1-a-1": [NaN, NaN, NaN
        ]
    },
    "base_tlarge_rsmall_dsmall_n0_0_nhigh.csv": {
        "AutoFD": [
            0.07142857142857142,
            1.0,
            0.13333333333333333
        ],
        "AutoFD_sparse": [
            0.5,
            1.0,
            0.6666666666666666
        ],
        "GL": [
            0.07142857142857142,
            1.0,
            0.13333333333333333
        ],
        "PYRO": [
            0.07142857142857142,
            1.0,
            0.13333333333333333
        ],
        "TANE": [
            0.07142857142857142,
            1.0,
            0.13333333333333333
        ],
        "RFI-top1-a-0.3": [
            0.08,
            1.0,
            0.14814814814814814
        ],
        "RFI-top1-a-0.5": [
            0.08,
            1.0,
            0.14814814814814814
        ],
        "RFI-top1-a-1": [
            0.08,
            1.0,
            0.14814814814814814
        ]
    },
    "base_tlarge_rsmall_dsmall_n0_0_nlow.csv": {
        "AutoFD": [
            0.5,
            1.0,
            0.6666666666666666
        ],
        "AutoFD_sparse": [
            0.5,
            1.0,
            0.6666666666666666
        ],
        "GL": [
            0.25,
            1.0,
            0.4
        ],
        "PYRO": [
            0.07142857142857142,
            1.0,
            0.13333333333333333
        ],
        "TANE": [
            0.07142857142857142,
            1.0,
            0.13333333333333333
        ],
        "RFI-top1-a-0.3": [
            0.08,
            1.0,
            0.14814814814814814
        ],
        "RFI-top1-a-0.5": [
            0.08,
            1.0,
            0.14814814814814814
        ],
        "RFI-top1-a-1": [
            0.08,
            1.0,
            0.14814814814814814
        ]
    },
    "base_tsmall_rlarge_dlarge_n0_0_nhigh.csv": {
        "AutoFD": [
            0.5833333333333334,
            0.3684210526315789,
            0.4516129032258065
        ],
        "AutoFD_sparse": [NaN, NaN, NaN
        ],
        "GL": [
            0.0,
            0.0,
            0
        ],
        "PYRO": [
            0.012337662337662338,
            1.0,
            0.024374599101988456
        ],
        "TANE": [NaN, NaN, NaN
        ],
        "RFI-top1-a-0.3": [NaN, NaN, NaN
        ],
        "RFI-top1-a-0.5": [NaN, NaN, NaN
        ],
        "RFI-top1-a-1": [NaN, NaN, NaN
        ]
    },
    "base_tsmall_rlarge_dlarge_n0_0_nlow.csv": {
        "AutoFD": [
            0.7916666666666666,
            1.0,
            0.8837209302325582
        ],
        "AutoFD_sparse": [
            1.0,
            0.15789473684210525,
            0.2727272727272727
        ],
        "GL": [
            0.5,
            0.15789473684210525,
            0.23999999999999996
        ],
        "PYRO": [
            0.012337662337662338,
            1.0,
            0.024374599101988456
        ],
        "TANE": [NaN, NaN, NaN
        ],
        "RFI-top1-a-0.3": [NaN, NaN, NaN
        ],
        "RFI-top1-a-0.5": [NaN, NaN, NaN
        ],
        "RFI-top1-a-1": [NaN, NaN, NaN
        ]
    },
    "base_tsmall_rlarge_dsmall_n0_0_nhigh.csv": {
        "AutoFD": [
            0.8,
            0.2222222222222222,
            0.3478260869565218
        ],
        "AutoFD_sparse": [
            0.0,
            0.0,
            0
        ],
        "GL": [
            0.0,
            0.0,
            0
        ],