time_point,msg,execution_time
0.022933006286621094,start: Load Data,0.0
0.26806044578552246,end: Load Data,0.24512743949890137
0.2768387794494629,start: Create Training Data,0.0
1.7159481048583984,end: Create Training Data,1.4391093254089355
1.7304341793060303,start: Learn Structure,0.0
2.343294620513916,end: Learn Structure,0.6128604412078857
2.3518571853637695,start: Get Dependencies,0.0
2.5226190090179443,end: Get Dependencies,0.1707618236541748
