time_point,msg,execution_time
0.02699112892150879,start: Load Data,0.0
0.14735651016235352,end: Load Data,0.12036538124084473
0.16189122200012207,start: Create Training Data,0.0
0.7363684177398682,end: Create Training Data,0.5744771957397461
0.744412899017334,start: Learn Structure,0.0
1.028040885925293,end: Learn Structure,0.283627986907959
1.0400841236114502,start: Get Dependencies,0.0
1.1900901794433594,end: Get Dependencies,0.15000605583190918
