time_point,msg,execution_time
0.010766267776489258,start: Load Data,0.0
0.06371021270751953,end: Load Data,0.05294394493103027
0.06951785087585449,start: Create Training Data,0.0
0.38685107231140137,end: Create Training Data,0.3173332214355469
0.3931570053100586,start: Learn Structure,0.0
0.5170056819915771,end: Learn Structure,0.12384867668151855
0.522907018661499,start: Get Dependencies,0.0
0.5632574558258057,end: Get Dependencies,0.04035043716430664
