time_point,msg,execution_time
0.013595819473266602,start: Load Data,0.0
0.10487031936645508,end: Load Data,0.09127449989318848
0.11664462089538574,start: Create Training Data,0.0
0.24936294555664062,end: Create Training Data,0.13271832466125488
0.257732629776001,start: Learn Structure,0.0
0.3320636749267578,end: Learn Structure,0.07433104515075684
0.3402726650238037,start: Get Dependencies,0.0
0.3853030204772949,end: Get Dependencies,0.04503035545349121
