time_point,msg,execution_time
35.5944721698761,start: Load Data,0.0
35.636847496032715,end: Load Data,0.04237532615661621
58.443917989730835,start: Learn Structure,0.0
79.21120357513428,start: Create Training Data,0.0
79.46951174736023,end: Create Training Data,0.25830817222595215
83.27787709236145,start: Learn Structure,0.0
83.39100480079651,end: Learn Structure,0.1131277084350586
87.42760396003723,start: Get Dependencies,0.0
87.43927836418152,end: Get Dependencies,0.01167440414428711
