time_point,msg,execution_time
0.009735107421875,start: Load Data,0.0
0.03116917610168457,end: Load Data,0.02143406867980957
0.03858137130737305,start: Create Training Data,0.0
0.10071301460266113,end: Create Training Data,0.062131643295288086
0.10776162147521973,start: Learn Structure,0.0
0.15804243087768555,end: Learn Structure,0.05028080940246582
0.16338229179382324,start: Get Dependencies,0.0
0.18390750885009766,end: Get Dependencies,0.020525217056274414
